idna_subject,checker_type,destination,source,tested_at,session_id
a.godibarl.com,AVAILABILITY,domains.list,domains.list,2021-07-01 19:11:54.972514,3997c0decec1de528b902498
a.kulkerbolda.com,AVAILABILITY,domains.list,domains.list,2021-07-01 19:11:55.477429,3997c0decec1de528b902498
a.moritava.com,AVAILABILITY,domains.list,domains.list,2021-07-01 19:11:55.955361,3997c0decec1de528b902498
a.pitatagata.com,AVAILABILITY,domains.list,domains.list,2021-07-01 19:12:01.616715,3997c0decec1de528b902498
a.venonita.com,AVAILABILITY,domains.list,domains.list,2021-07-01 19:12:02.170571,3997c0decec1de528b902498
d1cerpgff739r9.cloudfront.net,AVAILABILITY,domains.list,domains.list,2021-07-01 19:12:07.807695,3997c0decec1de528b902498
d21j20wsoewvjq.cloudfront.net,AVAILABILITY,domains.list,domains.list,2021-07-01 19:12:18.700721,3997c0decec1de528b902498
dercaktgexxus.cloudfront.net,AVAILABILITY,domains.list,domains.list,2021-07-01 19:12:19.138738,3997c0decec1de528b902498
det8214mmc717.cloudfront.net,AVAILABILITY,domains.list,domains.list,2021-07-01 19:12:24.770445,3997c0decec1de528b902498
detnsuoxy81x.cloudfront.net,AVAILABILITY,domains.list,domains.list,2021-07-01 19:12:25.183310,3997c0decec1de528b902498
dqvpww3nzoeeq.cloudfront.net,AVAILABILITY,domains.list,domains.list,2021-07-01 19:12:27.322737,3997c0decec1de528b902498
a.avalhukof.com,AVAILABILITY,domains.list,domains.list,2021-07-01 19:12:27.699128,3997c0decec1de528b902498
de5xhnpt1l1mn.cloudfront.net,AVAILABILITY,domains.list,domains.list,2021-07-01 19:12:28.129441,3997c0decec1de528b902498
djtflbt20bdde.cloudfront.net,AVAILABILITY,domains.list,domains.list,2021-07-01 19:12:33.711826,3997c0decec1de528b902498
dstik9906m659.cloudfront.net,AVAILABILITY,domains.list,domains.list,2021-07-01 19:12:34.397250,3997c0decec1de528b902498
xhr.godibarl.com,AVAILABILITY,domains.list,domains.list,2021-07-01 19:12:34.725289,3997c0decec1de528b902498
a.niholaev.com,AVAILABILITY,domains.list,domains.list,2021-07-01 19:12:35.108153,3997c0decec1de528b902498
www.stupendoussleet.com,AVAILABILITY,domains.list,domains.list,2021-07-01 19:12:45.997120,3997c0decec1de528b902498
www.subsequentswim.com,AVAILABILITY,domains.list,domains.list,2021-07-01 19:12:57.081161,3997c0decec1de528b902498
www.substantialcarpenter.com,AVAILABILITY,domains.list,domains.list,2021-07-01 19:12:57.563505,3997c0decec1de528b902498
www.succeedscene.com,AVAILABILITY,domains.list,domains.list,2021-07-01 19:12:58.180228,3997c0decec1de528b902498
www.suewgrsq.com,AVAILABILITY,domains.list,domains.list,2021-07-01 19:12:58.509017,3997c0decec1de528b902498
www.suddensidewalk.com,AVAILABILITY,domains.list,domains.list,2021-07-01 19:12:58.961125,3997c0decec1de528b902498
www.suddensnake.com,AVAILABILITY,domains.list,domains.list,2021-07-01 19:12:59.688320,3997c0decec1de528b902498
www.sugarcurtain.com,AVAILABILITY,domains.list,domains.list,2021-07-01 19:13:00.153291,3997c0decec1de528b902498
www.summerobject.com,AVAILABILITY,domains.list,domains.list,2021-07-01 19:13:05.002860,3997c0decec1de528b902498
www.suhunsoo.uk,AVAILABILITY,domains.list,domains.list,2021-07-01 19:13:12.346860,3997c0decec1de528b902498
www.sulkybutter.com,AVAILABILITY,domains.list,domains.list,2021-07-01 19:13:12.862926,3997c0decec1de528b902498
www.superficialsquare.com,AVAILABILITY,domains.list,domains.list,2021-07-01 19:13:18.520936,3997c0decec1de528b902498
www.supplysummer.com,AVAILABILITY,domains.list,domains.list,2021-07-01 19:13:34.414863,3997c0decec1de528b902498
www.surquvsx.com,AVAILABILITY,domains.list,domains.list,2021-07-01 19:13:34.769673,3997c0decec1de528b902498
www.supervisegoldfish.com,AVAILABILITY,domains.list,domains.list,2021-07-01 19:13:40.427102,3997c0decec1de528b902498
www.suregauzi.info,AVAILABILITY,domains.list,domains.list,2021-07-01 19:13:40.720241,3997c0decec1de528b902498
www.sutdpikbwpvi.com,AVAILABILITY,domains.list,domains.list,2021-07-01 19:13:41.047806,3997c0decec1de528b902498
www.suvvihvbskvnii.com,AVAILABILITY,domains.list,domains.list,2021-07-01 19:13:41.370520,3997c0decec1de528b902498
www.suywlxzbjtbib.com,AVAILABILITY,domains.list,domains.list,2021-07-01 19:13:41.720024,3997c0decec1de528b902498
www.svbfcmumrj.com,AVAILABILITY,domains.list,domains.list,2021-07-01 19:13:47.300847,3997c0decec1de528b902498
www.svdsutdq.com,AVAILABILITY,domains.list,domains.list,2021-07-01 19:13:47.605133,3997c0decec1de528b902498
www.svrsqqtj.com,AVAILABILITY,domains.list,domains.list,2021-07-01 19:13:47.935220,3997c0decec1de528b902498
www.swan-swan-goose.com,AVAILABILITY,domains.list,domains.list,2021-07-01 19:13:48.281036,3997c0decec1de528b902498
www.swegaiejcqfojl.com,AVAILABILITY,domains.list,domains.list,2021-07-01 19:13:59.046143,3997c0decec1de528b902498
www.swimslope.com,AVAILABILITY,domains.list,domains.list,2021-07-01 19:13:59.632630,3997c0decec1de528b902498
www.swtubbksgvg.com,AVAILABILITY,domains.list,domains.list,2021-07-01 19:13:59.952676,3997c0decec1de528b902498
www.swordgoose.com,AVAILABILITY,domains.list,domains.list,2021-07-01 19:14:12.286946,3997c0decec1de528b902498
www.swxrxdej.com,AVAILABILITY,domains.list,domains.list,2021-07-01 19:14:12.583400,3997c0decec1de528b902498
www.sxiyvcqnp.com,AVAILABILITY,domains.list,domains.list,2021-07-01 19:14:12.959587,3997c0decec1de528b902498
www.sxwcfnai.com,AVAILABILITY,domains.list,domains.list,2021-07-01 19:14:18.466712,3997c0decec1de528b902498
www.sxzffgjzaohtf.com,AVAILABILITY,domains.list,domains.list,2021-07-01 19:14:18.804287,3997c0decec1de528b902498
www.sydnkqqscbxc.com,AVAILABILITY,domains.list,domains.list,2021-07-01 19:14:19.108552,3997c0decec1de528b902498
www.syhganutwnp.com,AVAILABILITY,domains.list,domains.list,2021-07-01 19:14:19.419715,3997c0decec1de528b902498
www.symbolizebeast.com,AVAILABILITY,domains.list,domains.list,2021-07-01 19:14:19.903288,3997c0decec1de528b902498
www.symydvmqjjp.com,AVAILABILITY,domains.list,domains.list,2021-07-01 19:14:20.284970,3997c0decec1de528b902498
www.syndopop.com,AVAILABILITY,domains.list,domains.list,2021-07-01 19:14:20.824531,3997c0decec1de528b902498
www.szjgylwamcxo.com,AVAILABILITY,domains.list,domains.list,2021-07-01 19:14:21.127331,3997c0decec1de528b902498
www.systemizecoat.com,AVAILABILITY,domains.list,domains.list,2021-07-01 19:14:24.787629,3997c0decec1de528b902498
www.szpcxramtfr.com,AVAILABILITY,domains.list,domains.list,2021-07-01 19:14:25.107675,3997c0decec1de528b902498
www.szuzlcmoak.com,AVAILABILITY,domains.list,domains.list,2021-07-01 19:14:30.639176,3997c0decec1de528b902498
www.szyejlnlvnmy.com,AVAILABILITY,domains.list,domains.list,2021-07-01 19:14:31.003548,3997c0decec1de528b902498
www.szywarceqeo.com,AVAILABILITY,domains.list,domains.list,2021-07-01 19:14:31.342144,3997c0decec1de528b902498
www.szzzpqcuxqq.com,AVAILABILITY,domains.list,domains.list,2021-07-01 19:14:36.827621,3997c0decec1de528b902498
www.t1d8ee13pf.com,AVAILABILITY,domains.list,domains.list,2021-07-01 19:14:37.243073,3997c0decec1de528b902498
www.sxtzhwvbuflt.com,AVAILABILITY,domains.list,domains.list,2021-07-01 19:14:42.733003,3997c0decec1de528b902498
www.taijouhe.net,AVAILABILITY,domains.list,domains.list,2021-07-01 19:14:43.229869,3997c0decec1de528b902498
www.tailpdulprkp.com,AVAILABILITY,domains.list,domains.list,2021-07-01 19:14:43.531501,3997c0decec1de528b902498
www.taiwhups.net,AVAILABILITY,domains.list,domains.list,2021-07-01 19:14:49.196570,3997c0decec1de528b902498
www.talentedsteel.com,AVAILABILITY,domains.list,domains.list,2021-07-01 19:14:49.843280,3997c0decec1de528b902498
www.tandeperoblitt.info,AVAILABILITY,domains.list,domains.list,2021-07-01 19:14:55.281442,3997c0decec1de528b902498
www.taoclfxgf.com,AVAILABILITY,domains.list,domains.list,2021-07-01 19:14:55.591534,3997c0decec1de528b902498
www.tangibleteam.com,AVAILABILITY,domains.list,domains.list,2021-07-01 19:14:56.261868,3997c0decec1de528b902498
www.tapffdskgjr.com,AVAILABILITY,domains.list,domains.list,2021-07-01 19:15:01.785668,3997c0decec1de528b902498
www.tarttendency.com,AVAILABILITY,domains.list,domains.list,2021-07-01 19:15:02.350026,3997c0decec1de528b902498
www.t2f9pn3m7w.com,AVAILABILITY,domains.list,domains.list,2021-07-01 19:15:02.719457,3997c0decec1de528b902498
www.taskolding.info,AVAILABILITY,domains.list,domains.list,2021-07-01 19:15:13.356727,3997c0decec1de528b902498
www.taulevoa.com,AVAILABILITY,domains.list,domains.list,2021-07-01 19:15:13.697224,3997c0decec1de528b902498
www.tauptaup.com,AVAILABILITY,domains.list,domains.list,2021-07-01 19:15:19.238405,3997c0decec1de528b902498
www.tawdryson.com,AVAILABILITY,domains.list,domains.list,2021-07-01 19:15:19.788640,3997c0decec1de528b902498
www.tazvowjqekha.com,AVAILABILITY,domains.list,domains.list,2021-07-01 19:15:20.106575,3997c0decec1de528b902498
www.tastefulsongs.com,AVAILABILITY,domains.list,domains.list,2021-07-01 19:15:20.603139,3997c0decec1de528b902498
www.tbewvipgbgzal.com,AVAILABILITY,domains.list,domains.list,2021-07-01 19:15:26.190177,3997c0decec1de528b902498
www.tcgojxmwkkgm.com,AVAILABILITY,domains.list,domains.list,2021-07-01 19:15:26.455645,3997c0decec1de528b902498
www.tcupxwxcvssauz.com,AVAILABILITY,domains.list,domains.list,2021-07-01 19:15:26.813239,3997c0decec1de528b902498
www.tcxygxdrv.com,AVAILABILITY,domains.list,domains.list,2021-07-01 19:15:27.141012,3997c0decec1de528b902498
www.tdrmwnjwnccws.com,AVAILABILITY,domains.list,domains.list,2021-07-01 19:15:27.439192,3997c0decec1de528b902498
www.tdzvm.pw,AVAILABILITY,domains.list,domains.list,2021-07-01 19:15:28.070163,3997c0decec1de528b902498
www.tedioustooth.com,AVAILABILITY,domains.list,domains.list,2021-07-01 19:15:34.582159,3997c0decec1de528b902498
www.tedlrouwixqq.com,AVAILABILITY,domains.list,domains.list,2021-07-01 19:15:34.915901,3997c0decec1de528b902498
www.teenytinytongue.com,AVAILABILITY,domains.list,domains.list,2021-07-01 19:15:40.671552,3997c0decec1de528b902498
www.teenyvolcano.com,AVAILABILITY,domains.list,domains.list,2021-07-01 19:15:47.852460,3997c0decec1de528b902498
www.teethfan.com,AVAILABILITY,domains.list,domains.list,2021-07-01 19:15:48.461938,3997c0decec1de528b902498
www.tek-tek-trek.com,AVAILABILITY,domains.list,domains.list,2021-07-01 19:15:48.642219,3997c0decec1de528b902498
www.telllwrite.com,AVAILABILITY,domains.list,domains.list,2021-07-01 19:15:48.986097,3997c0decec1de528b902498
www.tel-tel-fie.com,AVAILABILITY,domains.list,domains.list,2021-07-01 19:15:49.358484,3997c0decec1de528b902498
www.temtaifu.com,AVAILABILITY,domains.list,domains.list,2021-07-01 19:15:56.515579,3997c0decec1de528b902498
www.tempttalk.com,AVAILABILITY,domains.list,domains.list,2021-07-01 19:15:57.083837,3997c0decec1de528b902498
www.tentekuzi.com,AVAILABILITY,domains.list,domains.list,2021-07-01 19:15:57.390573,3997c0decec1de528b902498
www.tendertest.com,AVAILABILITY,domains.list,domains.list,2021-07-01 19:15:57.880606,3997c0decec1de528b902498
www.tensitionschoo.club,AVAILABILITY,domains.list,domains.list,2021-07-01 19:16:03.391944,3997c0decec1de528b902498
www.teqceeivmpvv.com,AVAILABILITY,domains.list,domains.list,2021-07-01 19:16:03.716828,3997c0decec1de528b902498
www.terdiparcalpe.info,AVAILABILITY,domains.list,domains.list,2021-07-01 19:16:04.147195,3997c0decec1de528b902498
www.terraads.net,AVAILABILITY,domains.list,domains.list,2021-07-01 19:16:04.433057,3997c0decec1de528b902498
www.terraviewfly.com,AVAILABILITY,domains.list,domains.list,2021-07-01 19:16:04.751429,3997c0decec1de528b902498
www.terraviewbeat.com,AVAILABILITY,domains.list,domains.list,2021-07-01 19:16:05.149522,3997c0decec1de528b902498
www.terraviewnow.com,AVAILABILITY,domains.list,domains.list,2021-07-01 19:16:10.669395,3997c0decec1de528b902498
www.terroppop.com,AVAILABILITY,domains.list,domains.list,2021-07-01 19:16:10.913349,3997c0decec1de528b902498
www.terriblethumb.com,AVAILABILITY,domains.list,domains.list,2021-07-01 19:16:11.480584,3997c0decec1de528b902498
www.tertethapsindu.info,AVAILABILITY,domains.list,domains.list,2021-07-01 19:16:22.112897,3997c0decec1de528b902498
www.tevrhhgzzutw.com,AVAILABILITY,domains.list,domains.list,2021-07-01 19:16:27.613054,3997c0decec1de528b902498
www.tf16jdhnnc.com,AVAILABILITY,domains.list,domains.list,2021-07-01 19:16:27.917177,3997c0decec1de528b902498
www.tfdssnipmff.com,AVAILABILITY,domains.list,domains.list,2021-07-01 19:16:28.236882,3997c0decec1de528b902498
www.texturetrick.com,AVAILABILITY,domains.list,domains.list,2021-07-01 19:16:28.820643,3997c0decec1de528b902498
www.tfeywmqsle.com,AVAILABILITY,domains.list,domains.list,2021-07-01 19:16:29.106198,3997c0decec1de528b902498
www.tfx1jtisbb.com,AVAILABILITY,domains.list,domains.list,2021-07-01 19:16:29.432266,3997c0decec1de528b902498
www.tftsbqbeuthh.com,AVAILABILITY,domains.list,domains.list,2021-07-01 19:16:35.027616,3997c0decec1de528b902498
www.tfzffzmbo.com,AVAILABILITY,domains.list,domains.list,2021-07-01 19:16:35.359723,3997c0decec1de528b902498
www.tgbjtcgkdu.com,AVAILABILITY,domains.list,domains.list,2021-07-01 19:16:40.943088,3997c0decec1de528b902498
www.tgijoezvmvvl.com,AVAILABILITY,domains.list,domains.list,2021-07-01 19:16:41.259240,3997c0decec1de528b902498
www.tgrmzphjmvem.com,AVAILABILITY,domains.list,domains.list,2021-07-01 19:16:41.605247,3997c0decec1de528b902498
www.thaoxqlqcy.com,AVAILABILITY,domains.list,domains.list,2021-07-01 19:16:41.926077,3997c0decec1de528b902498
www.thaihary.link,AVAILABILITY,domains.list,domains.list,2021-07-01 19:16:42.241729,3997c0decec1de528b902498
www.thefaren.pw,AVAILABILITY,domains.list,domains.list,2021-07-01 19:16:47.856030,3997c0decec1de528b902498
www.theersoa.net,AVAILABILITY,domains.list,domains.list,2021-07-01 19:16:49.494323,3997c0decec1de528b902498
www.thicktrucks.com,AVAILABILITY,domains.list,domains.list,2021-07-01 19:16:55.392387,3997c0decec1de528b902498
www.thingsafterthought.com,AVAILABILITY,domains.list,domains.list,2021-07-01 19:16:57.571312,3997c0decec1de528b902498
www.thinkablefloor.com,AVAILABILITY,domains.list,domains.list,2021-07-01 19:17:03.508371,3997c0decec1de528b902498
www.thinkablerice.com,AVAILABILITY,domains.list,domains.list,2021-07-01 19:17:04.012844,3997c0decec1de528b902498
www.thinkabletrick.com,AVAILABILITY,domains.list,domains.list,2021-07-01 19:17:04.505168,3997c0decec1de528b902498
www.thirdrespect.com,AVAILABILITY,domains.list,domains.list,2021-07-01 19:17:04.870023,3997c0decec1de528b902498
www.thirstytwig.com,AVAILABILITY,domains.list,domains.list,2021-07-01 19:17:05.472364,3997c0decec1de528b902498
www.thoaltie.net,AVAILABILITY,domains.list,domains.list,2021-07-01 19:17:05.883710,3997c0decec1de528b902498
www.thoarauy.net,AVAILABILITY,domains.list,domains.list,2021-07-01 19:17:06.249891,3997c0decec1de528b902498
www.thomastorch.com,AVAILABILITY,domains.list,domains.list,2021-07-01 19:17:06.688141,3997c0decec1de528b902498
www.thirgoad.top,AVAILABILITY,domains.list,domains.list,2021-07-01 19:17:07.806561,3997c0decec1de528b902498
www.thoojoub.com,AVAILABILITY,domains.list,domains.list,2021-07-01 19:17:08.137577,3997c0decec1de528b902498
www.thousers.com,AVAILABILITY,domains.list,domains.list,2021-07-01 19:17:08.591277,3997c0decec1de528b902498
www.thowytaoo.com,AVAILABILITY,domains.list,domains.list,2021-07-01 19:17:08.894350,3997c0decec1de528b902498
www.threechurch.com,AVAILABILITY,domains.list,domains.list,2021-07-01 19:17:11.015239,3997c0decec1de528b902498
www.thukrubs.com,AVAILABILITY,domains.list,domains.list,2021-07-01 19:17:11.297347,3997c0decec1de528b902498
www.thurnflfant.com,AVAILABILITY,domains.list,domains.list,2021-07-01 19:17:11.665626,3997c0decec1de528b902498
www.throattrees.com,AVAILABILITY,domains.list,domains.list,2021-07-01 19:17:12.269839,3997c0decec1de528b902498
www.ticklesign.com,AVAILABILITY,domains.list,domains.list,2021-07-01 19:17:14.407059,3997c0decec1de528b902498
www.tic-tic-bam.com,AVAILABILITY,domains.list,domains.list,2021-07-01 19:17:14.755086,3997c0decec1de528b902498
www.tic-tic-toc.com,AVAILABILITY,domains.list,domains.list,2021-07-01 19:17:15.151682,3997c0decec1de528b902498
www.tieyggub.com,AVAILABILITY,domains.list,domains.list,2021-07-01 19:17:15.495397,3997c0decec1de528b902498
www.tikuedobxa.com,AVAILABILITY,domains.list,domains.list,2021-07-01 19:17:15.909962,3997c0decec1de528b902498
www.timetwig.com,AVAILABILITY,domains.list,domains.list,2021-07-01 19:17:21.538318,3997c0decec1de528b902498
www.thoonsie.click,AVAILABILITY,domains.list,domains.list,2021-07-01 19:17:21.777691,3997c0decec1de528b902498
www.tirbxuopf.com,AVAILABILITY,domains.list,domains.list,2021-07-01 19:17:22.138535,3997c0decec1de528b902498
www.tivioyfstcdlce.com,AVAILABILITY,domains.list,domains.list,2021-07-01 19:17:22.443480,3997c0decec1de528b902498
www.tj9pcnb2ws.com,AVAILABILITY,domains.list,domains.list,2021-07-01 19:17:22.786915,3997c0decec1de528b902498
www.tjaqsjnrvmt.com,AVAILABILITY,domains.list,domains.list,2021-07-01 19:17:23.041156,3997c0decec1de528b902498
www.tjbgiyek.com,AVAILABILITY,domains.list,domains.list,2021-07-01 19:17:23.398249,3997c0decec1de528b902498
www.tjdrxdsto.com,AVAILABILITY,domains.list,domains.list,2021-07-01 19:17:23.751934,3997c0decec1de528b902498
www.tjdvqkis.com,AVAILABILITY,domains.list,domains.list,2021-07-01 19:17:29.309327,3997c0decec1de528b902498
www.tjhjyiylc.com,AVAILABILITY,domains.list,domains.list,2021-07-01 19:17:29.622556,3997c0decec1de528b902498
www.tjsioyarnnxmj.com,AVAILABILITY,domains.list,domains.list,2021-07-01 19:17:29.915018,3997c0decec1de528b902498
www.tkarkbzkirlw.com,AVAILABILITY,domains.list,domains.list,2021-07-01 19:17:35.416297,3997c0decec1de528b902498
www.tkhg70uymg.com,AVAILABILITY,domains.list,domains.list,2021-07-01 19:17:35.807609,3997c0decec1de528b902498
www.tin-tin-win.com,AVAILABILITY,domains.list,domains.list,2021-07-01 19:17:41.304597,3997c0decec1de528b902498
www.tktyinaabq.com,AVAILABILITY,domains.list,domains.list,2021-07-01 19:17:41.642832,3997c0decec1de528b902498
www.tlkqzjvyujb.com,AVAILABILITY,domains.list,domains.list,2021-07-01 19:17:41.959152,3997c0decec1de528b902498
www.tlagvdqrsarf.com,AVAILABILITY,domains.list,domains.list,2021-07-01 19:17:42.313270,3997c0decec1de528b902498
www.tlootas.org,AVAILABILITY,domains.list,domains.list,2021-07-01 19:17:42.797499,3997c0decec1de528b902498
www.tluwjhtsvoz.com,AVAILABILITY,domains.list,domains.list,2021-07-01 19:17:43.099634,3997c0decec1de528b902498
www.tlvfeylwod.com,AVAILABILITY,domains.list,domains.list,2021-07-01 19:17:43.410336,3997c0decec1de528b902498
www.tmblaeivephb.com,AVAILABILITY,domains.list,domains.list,2021-07-01 19:17:49.015708,3997c0decec1de528b902498
www.tmcvwyrqwyp.com,AVAILABILITY,domains.list,domains.list,2021-07-01 19:17:49.418192,3997c0decec1de528b902498
www.tmkbpnkruped.com,AVAILABILITY,domains.list,domains.list,2021-07-01 19:17:55.022408,3997c0decec1de528b902498
www.tmtuohxkv.com,AVAILABILITY,domains.list,domains.list,2021-07-01 19:18:00.561546,3997c0decec1de528b902498
www.tmxmckanu.com,AVAILABILITY,domains.list,domains.list,2021-07-01 19:18:06.079746,3997c0decec1de528b902498
www.tnkqfatbtlaw.com,AVAILABILITY,domains.list,domains.list,2021-07-01 19:18:11.616360,3997c0decec1de528b902498
www.tnpbbdrvwwip.com,AVAILABILITY,domains.list,domains.list,2021-07-01 19:18:11.908139,3997c0decec1de528b902498
www.tnxiuvjtplhhdy.com,AVAILABILITY,domains.list,domains.list,2021-07-01 19:18:17.492186,3997c0decec1de528b902498
www.toarqsglo.com,AVAILABILITY,domains.list,domains.list,2021-07-01 19:18:17.812613,3997c0decec1de528b902498
www.toawouph.uk,AVAILABILITY,domains.list,domains.list,2021-07-01 19:18:18.257183,3997c0decec1de528b902498
www.toedrawer.com,AVAILABILITY,domains.list,domains.list,2021-07-01 19:18:18.923420,3997c0decec1de528b902498
www.toecircle.com,AVAILABILITY,domains.list,domains.list,2021-07-01 19:18:21.031512,3997c0decec1de528b902498
www.toftinhapsandrit.info,AVAILABILITY,domains.list,domains.list,2021-07-01 19:18:26.567654,3997c0decec1de528b902498
www.togroltu.net,AVAILABILITY,domains.list,domains.list,2021-07-01 19:18:27.042629,3997c0decec1de528b902498
www.tontwiredat.info,AVAILABILITY,domains.list,domains.list,2021-07-01 19:18:32.581874,3997c0decec1de528b902498
www.toodlepork.com,AVAILABILITY,domains.list,domains.list,2021-07-01 19:18:32.848114,3997c0decec1de528b902498
www.toothbrushnote.com,AVAILABILITY,domains.list,domains.list,2021-07-01 19:18:38.555976,3997c0decec1de528b902498
www.topichawaii.com,AVAILABILITY,domains.list,domains.list,2021-07-01 19:18:40.713052,3997c0decec1de528b902498
www.tororango.com,AVAILABILITY,domains.list,domains.list,2021-07-01 19:18:41.075984,3997c0decec1de528b902498
www.tok-dan-host.com,AVAILABILITY,domains.list,domains.list,2021-07-01 19:18:46.449006,3997c0decec1de528b902498
www.torpidtongue.com,AVAILABILITY,domains.list,domains.list,2021-07-01 19:18:50.547378,3997c0decec1de528b902498
www.torrango.com,AVAILABILITY,domains.list,domains.list,2021-07-01 19:18:50.916857,3997c0decec1de528b902498
www.torpsol.com,AVAILABILITY,domains.list,domains.list,2021-07-01 19:18:51.293240,3997c0decec1de528b902498
www.totdorancaltert.club,AVAILABILITY,domains.list,domains.list,2021-07-01 19:19:16.734102,3997c0decec1de528b902498
www.totifiquo.com,AVAILABILITY,domains.list,domains.list,2021-07-01 19:19:17.353332,3997c0decec1de528b902498
www.touraadhdnfgsa.com,AVAILABILITY,domains.list,domains.list,2021-07-01 19:19:22.900982,3997c0decec1de528b902498
www.tovkhtekzrlu.com,AVAILABILITY,domains.list,domains.list,2021-07-01 19:19:23.248167,3997c0decec1de528b902498
www.tpkpnyiaylp.com,AVAILABILITY,domains.list,domains.list,2021-07-01 19:19:23.579424,3997c0decec1de528b902498
www.tpranctof.com,AVAILABILITY,domains.list,domains.list,2021-07-01 19:19:23.896832,3997c0decec1de528b902498
www.toweringrun.com,AVAILABILITY,domains.list,domains.list,2021-07-01 19:19:24.617238,3997c0decec1de528b902498
www.tpvprtdclnym.com,AVAILABILITY,domains.list,domains.list,2021-07-01 19:19:24.924983,3997c0decec1de528b902498
www.tpwumuxcasj.com,AVAILABILITY,domains.list,domains.list,2021-07-01 19:19:25.284806,3997c0decec1de528b902498
www.tqff3qkzsq.com,AVAILABILITY,domains.list,domains.list,2021-07-01 19:19:30.805873,3997c0decec1de528b902498
www.tqpkegddso.com,AVAILABILITY,domains.list,domains.list,2021-07-01 19:19:31.188411,3997c0decec1de528b902498
www.translateoatmeal.com,AVAILABILITY,domains.list,domains.list,2021-07-01 19:19:31.698882,3997c0decec1de528b902498
www.tranquilside.com,AVAILABILITY,domains.list,domains.list,2021-07-01 19:19:42.667832,3997c0decec1de528b902498
www.trappush.com,AVAILABILITY,domains.list,domains.list,2021-07-01 19:19:43.181158,3997c0decec1de528b902498
www.treadbun.com,AVAILABILITY,domains.list,domains.list,2021-07-01 19:19:43.669916,3997c0decec1de528b902498
www.trecurlik.com,AVAILABILITY,domains.list,domains.list,2021-07-01 19:19:44.061298,3997c0decec1de528b902498
www.tremendousplastic.com,AVAILABILITY,domains.list,domains.list,2021-07-01 19:19:44.706954,3997c0decec1de528b902498
www.tremendoustreatment.com,AVAILABILITY,domains.list,domains.list,2021-07-01 19:19:45.212803,3997c0decec1de528b902498
www.tremendoustime.com,AVAILABILITY,domains.list,domains.list,2021-07-01 19:19:56.083155,3997c0decec1de528b902498
www.trickycelery.com,AVAILABILITY,domains.list,domains.list,2021-07-01 19:19:58.082007,3997c0decec1de528b902498
www.truckstomatoes.com,AVAILABILITY,domains.list,domains.list,2021-07-01 19:19:58.737590,3997c0decec1de528b902498
www.truthfulturn.com,AVAILABILITY,domains.list,domains.list,2021-07-01 19:19:59.054120,3997c0decec1de528b902498
www.tsupbmgacu.com,AVAILABILITY,domains.list,domains.list,2021-07-01 19:19:59.405179,3997c0decec1de528b902498
www.tsandycateup.com,AVAILABILITY,domains.list,domains.list,2021-07-01 19:20:00.004915,3997c0decec1de528b902498
www.tsvlkxhdbc.com,AVAILABILITY,domains.list,domains.list,2021-07-01 19:20:00.330384,3997c0decec1de528b902498
www.tswhwnkcjvxf.com,AVAILABILITY,domains.list,domains.list,2021-07-01 19:20:00.642252,3997c0decec1de528b902498
www.ttrwhchvj.com,AVAILABILITY,domains.list,domains.list,2021-07-01 19:20:06.173692,3997c0decec1de528b902498
www.ttskmaaf.com,AVAILABILITY,domains.list,domains.list,2021-07-01 19:20:06.467716,3997c0decec1de528b902498
www.tudsxyhpn.com,AVAILABILITY,domains.list,domains.list,2021-07-01 19:20:06.803994,3997c0decec1de528b902498
www.tufpmrcdc.com,AVAILABILITY,domains.list,domains.list,2021-07-01 19:20:07.187613,3997c0decec1de528b902498
www.tsvqrrmq.com,AVAILABILITY,domains.list,domains.list,2021-07-01 19:20:07.500671,3997c0decec1de528b902498
www.tujbidamlfrn.com,AVAILABILITY,domains.list,domains.list,2021-07-01 19:20:07.829884,3997c0decec1de528b902498
www.tumblebirds.com,AVAILABILITY,domains.list,domains.list,2021-07-01 19:20:09.961731,3997c0decec1de528b902498
www.tur-tur-key.com,AVAILABILITY,domains.list,domains.list,2021-07-01 19:20:10.267130,3997c0decec1de528b902498
www.tuthokcb.com,AVAILABILITY,domains.list,domains.list,2021-07-01 19:20:15.840165,3997c0decec1de528b902498
www.tuxphjbzmjfuh.com,AVAILABILITY,domains.list,domains.list,2021-07-01 19:20:16.278973,3997c0decec1de528b902498
www.tvesvlvse.com,AVAILABILITY,domains.list,domains.list,2021-07-01 19:20:21.790571,3997c0decec1de528b902498
www.tvvnbwilhqc.com,AVAILABILITY,domains.list,domains.list,2021-07-01 19:20:22.049430,3997c0decec1de528b902498
www.tvvnxcwqwzv.com,AVAILABILITY,domains.list,domains.list,2021-07-01 19:20:27.580135,3997c0decec1de528b902498
www.tvxpwhnrhsyfj.com,AVAILABILITY,domains.list,domains.list,2021-07-01 19:20:33.087668,3997c0decec1de528b902498
www.twdksbsyipqa.com,AVAILABILITY,domains.list,domains.list,2021-07-01 19:20:33.447046,3997c0decec1de528b902498
www.twfcqnqggx.com,AVAILABILITY,domains.list,domains.list,2021-07-01 19:20:44.194089,3997c0decec1de528b902498
www.twjboytcwutbrt.com,AVAILABILITY,domains.list,domains.list,2021-07-01 19:20:44.585306,3997c0decec1de528b902498
www.twjgylzydlhz.com,AVAILABILITY,domains.list,domains.list,2021-07-01 19:20:44.938662,3997c0decec1de528b902498
www.twngyyzvhzaqtj.com,AVAILABILITY,domains.list,domains.list,2021-07-01 19:20:50.546931,3997c0decec1de528b902498
www.twuiebkcnvr.com,AVAILABILITY,domains.list,domains.list,2021-07-01 19:20:56.141635,3997c0decec1de528b902498
www.txbvzcyfyyoy.com,AVAILABILITY,domains.list,domains.list,2021-07-01 19:20:56.512546,3997c0decec1de528b902498
www.twvmqhjjgj.com,AVAILABILITY,domains.list,domains.list,2021-07-01 19:21:02.035756,3997c0decec1de528b902498
www.txvivugnikdq.com,AVAILABILITY,domains.list,domains.list,2021-07-01 19:21:02.449960,3997c0decec1de528b902498
www.txvsifff.com,AVAILABILITY,domains.list,domains.list,2021-07-01 19:21:02.913228,3997c0decec1de528b902498
www.tyborlawlkz.com,AVAILABILITY,domains.list,domains.list,2021-07-01 19:21:03.337591,3997c0decec1de528b902498
www.tyllfqbmny.com,AVAILABILITY,domains.list,domains.list,2021-07-01 19:21:03.566950,3997c0decec1de528b902498
www.tyoaclrjeb.com,AVAILABILITY,domains.list,domains.list,2021-07-01 19:21:08.935317,3997c0decec1de528b902498
www.typicalled.info,AVAILABILITY,domains.list,domains.list,2021-07-01 19:21:09.157813,3997c0decec1de528b902498
www.tzelsvxtjvy.com,AVAILABILITY,domains.list,domains.list,2021-07-01 19:21:09.551396,3997c0decec1de528b902498
www.typicalteeth.com,AVAILABILITY,domains.list,domains.list,2021-07-01 19:21:15.398516,3997c0decec1de528b902498
www.tzjrmfipwurtc.com,AVAILABILITY,domains.list,domains.list,2021-07-01 19:21:15.910396,3997c0decec1de528b902498
www.tzmfunsnqkwlp.com,AVAILABILITY,domains.list,domains.list,2021-07-01 19:21:16.361376,3997c0decec1de528b902498
www.tzwaw.pw,AVAILABILITY,domains.list,domains.list,2021-07-01 19:21:17.200185,3997c0decec1de528b902498
www.u8vysb7s2v.com,AVAILABILITY,domains.list,domains.list,2021-07-01 19:21:17.687811,3997c0decec1de528b902498
www.u25u2bqn.top,AVAILABILITY,domains.list,domains.list,2021-07-01 19:21:18.734004,3997c0decec1de528b902498
www.uaiilmuujsu.com,AVAILABILITY,domains.list,domains.list,2021-07-01 19:21:24.327435,3997c0decec1de528b902498
www.uaiowafphhb.com,AVAILABILITY,domains.list,domains.list,2021-07-01 19:21:24.869501,3997c0decec1de528b902498
www.uavqdzorwish.com,AVAILABILITY,domains.list,domains.list,2021-07-01 19:21:25.295834,3997c0decec1de528b902498
www.ubeestis.net,AVAILABILITY,domains.list,domains.list,2021-07-01 19:21:27.273220,3997c0decec1de528b902498
www.ubgzicuglk.com,AVAILABILITY,domains.list,domains.list,2021-07-01 19:21:32.878980,3997c0decec1de528b902498
www.ubktdzjnjkpon.com,AVAILABILITY,domains.list,domains.list,2021-07-01 19:21:33.253857,3997c0decec1de528b902498
www.tytkuibh.com,AVAILABILITY,domains.list,domains.list,2021-07-01 19:21:33.685756,3997c0decec1de528b902498
www.ubiquitousyard.com,AVAILABILITY,domains.list,domains.list,2021-07-01 19:21:34.185110,3997c0decec1de528b902498
www.ubpurlsu.com,AVAILABILITY,domains.list,domains.list,2021-07-01 19:21:39.771552,3997c0decec1de528b902498
www.ubopxbdwtnlf.com,AVAILABILITY,domains.list,domains.list,2021-07-01 19:21:40.148655,3997c0decec1de528b902498
www.ubqrtmtqkisku.com,AVAILABILITY,domains.list,domains.list,2021-07-01 19:21:40.636191,3997c0decec1de528b902498
www.ubsxycbae.com,AVAILABILITY,domains.list,domains.list,2021-07-01 19:21:40.967510,3997c0decec1de528b902498
www.ubsrvnuda.com,AVAILABILITY,domains.list,domains.list,2021-07-01 19:21:41.363490,3997c0decec1de528b902498
www.ubvscbxtal.com,AVAILABILITY,domains.list,domains.list,2021-07-01 19:21:47.056643,3997c0decec1de528b902498
www.ubxtoqsqusyx.com,AVAILABILITY,domains.list,domains.list,2021-07-01 19:21:47.612326,3997c0decec1de528b902498
www.uccgdtmmxota.com,AVAILABILITY,domains.list,domains.list,2021-07-01 19:21:53.185650,3997c0decec1de528b902498
www.uckxjsiy.com,AVAILABILITY,domains.list,domains.list,2021-07-01 19:21:53.640290,3997c0decec1de528b902498
www.ucxgfoqrbk.com,AVAILABILITY,domains.list,domains.list,2021-07-01 19:21:54.016300,3997c0decec1de528b902498
www.udvbtgkxwnap.com,AVAILABILITY,domains.list,domains.list,2021-07-01 19:21:54.460950,3997c0decec1de528b902498
www.ucflpjvvyaww.bid,AVAILABILITY,domains.list,domains.list,2021-07-01 19:21:54.711669,3997c0decec1de528b902498
www.udvxwimgqr.com,AVAILABILITY,domains.list,domains.list,2021-07-01 19:21:55.146942,3997c0decec1de528b902498
www.uebcqdgigsid.com,AVAILABILITY,domains.list,domains.list,2021-07-01 19:21:55.559776,3997c0decec1de528b902498
www.uecjpplzfjur.com,AVAILABILITY,domains.list,domains.list,2021-07-01 19:22:06.448176,3997c0decec1de528b902498
www.uelllwrite.com,AVAILABILITY,domains.list,domains.list,2021-07-01 19:22:06.880121,3997c0decec1de528b902498
www.uejnzoaayhr.com,AVAILABILITY,domains.list,domains.list,2021-07-01 19:22:07.323717,3997c0decec1de528b902498
www.uehtuvguuf.com,AVAILABILITY,domains.list,domains.list,2021-07-01 19:22:13.091559,3997c0decec1de528b902498
www.ueptzgugtxis.com,AVAILABILITY,domains.list,domains.list,2021-07-01 19:22:18.680782,3997c0decec1de528b902498
www.uerladwdpkge.com,AVAILABILITY,domains.list,domains.list,2021-07-01 19:22:19.159886,3997c0decec1de528b902498
www.uezychzvo.com,AVAILABILITY,domains.list,domains.list,2021-07-01 19:22:29.954973,3997c0decec1de528b902498
www.ufmnicckqyru.com,AVAILABILITY,domains.list,domains.list,2021-07-01 19:22:30.398067,3997c0decec1de528b902498
www.uel-uel-fie.com,AVAILABILITY,domains.list,domains.list,2021-07-01 19:22:31.003698,3997c0decec1de528b902498
www.uggepqevz.com,AVAILABILITY,domains.list,domains.list,2021-07-01 19:22:36.676053,3997c0decec1de528b902498
www.ufvehyxuiwe.com,AVAILABILITY,domains.list,domains.list,2021-07-01 19:22:37.079802,3997c0decec1de528b902498
www.uherdmjkbqic.com,AVAILABILITY,domains.list,domains.list,2021-07-01 19:22:37.508498,3997c0decec1de528b902498
www.uhvbjjse.com,AVAILABILITY,domains.list,domains.list,2021-07-01 19:22:37.942215,3997c0decec1de528b902498
www.uiqefowmmxciwe.com,AVAILABILITY,domains.list,domains.list,2021-07-01 19:22:38.461548,3997c0decec1de528b902498
www.uj9ikv3z3jl4.com,AVAILABILITY,domains.list,domains.list,2021-07-01 19:22:38.970868,3997c0decec1de528b902498
www.ujocmihdknwj.com,AVAILABILITY,domains.list,domains.list,2021-07-01 19:22:39.447647,3997c0decec1de528b902498
www.ujyyciaedxqr.com,AVAILABILITY,domains.list,domains.list,2021-07-01 19:22:39.847072,3997c0decec1de528b902498
www.uldwcpscwzkis.com,AVAILABILITY,domains.list,domains.list,2021-07-01 19:22:40.279072,3997c0decec1de528b902498
www.uloywtmpqskx.com,AVAILABILITY,domains.list,domains.list,2021-07-01 19:22:40.691893,3997c0decec1de528b902498
www.ultraoranges.com,AVAILABILITY,domains.list,domains.list,2021-07-01 19:22:41.367526,3997c0decec1de528b902498
www.umountry.info,AVAILABILITY,domains.list,domains.list,2021-07-01 19:22:46.783841,3997c0decec1de528b902498
www.umqsrvdg.com,AVAILABILITY,domains.list,domains.list,2021-07-01 19:22:47.225112,3997c0decec1de528b902498
www.umrehhye.com,AVAILABILITY,domains.list,domains.list,2021-07-01 19:22:47.655295,3997c0decec1de528b902498
www.umybobusjo.com,AVAILABILITY,domains.list,domains.list,2021-07-01 19:22:48.012278,3997c0decec1de528b902498
www.umxzhxfrrkmt.com,AVAILABILITY,domains.list,domains.list,2021-07-01 19:22:48.419766,3997c0decec1de528b902498
www.umyiwkxzf.com,AVAILABILITY,domains.list,domains.list,2021-07-01 19:22:48.888423,3997c0decec1de528b902498
www.unaiablmgsz.com,AVAILABILITY,domains.list,domains.list,2021-07-01 19:22:49.436165,3997c0decec1de528b902498
www.unbecominghall.com,AVAILABILITY,domains.list,domains.list,2021-07-01 19:22:50.115567,3997c0decec1de528b902498
www.unarmedindustry.com,AVAILABILITY,domains.list,domains.list,2021-07-01 19:22:57.003275,3997c0decec1de528b902498
www.uncoveredexpert.com,AVAILABILITY,domains.list,domains.list,2021-07-01 19:22:57.642173,3997c0decec1de528b902498
www.undedly.com,AVAILABILITY,domains.list,domains.list,2021-07-01 19:22:58.108790,3997c0decec1de528b902498
www.underers.info,AVAILABILITY,domains.list,domains.list,2021-07-01 19:22:58.454094,3997c0decec1de528b902498
www.unequalbrake.com,AVAILABILITY,domains.list,domains.list,2021-07-01 19:22:59.193635,3997c0decec1de528b902498
www.unexqnotmzyf.com,AVAILABILITY,domains.list,domains.list,2021-07-01 19:22:59.671989,3997c0decec1de528b902498
www.unevenstring.com,AVAILABILITY,domains.list,domains.list,2021-07-01 19:23:00.241241,3997c0decec1de528b902498
www.unffpgtoorpz.com,AVAILABILITY,domains.list,domains.list,2021-07-01 19:23:05.929174,3997c0decec1de528b902498
www.unformse.com,AVAILABILITY,domains.list,domains.list,2021-07-01 19:23:06.411952,3997c0decec1de528b902498
www.ungvncbnx.bid,AVAILABILITY,domains.list,domains.list,2021-07-01 19:23:06.788381,3997c0decec1de528b902498
www.unknowntray.com,AVAILABILITY,domains.list,domains.list,2021-07-01 19:23:07.675189,3997c0decec1de528b902498
www.univerba.club,AVAILABILITY,domains.list,domains.list,2021-07-01 19:23:08.071638,3997c0decec1de528b902498
www.unlithere.info,AVAILABILITY,domains.list,domains.list,2021-07-01 19:23:08.329947,3997c0decec1de528b902498
www.unmhxfutdmxcdw.com,AVAILABILITY,domains.list,domains.list,2021-07-01 19:23:13.951134,3997c0decec1de528b902498
www.unlupxiky.bid,AVAILABILITY,domains.list,domains.list,2021-07-01 19:23:14.504566,3997c0decec1de528b902498
www.unrbpcqmiybu.com,AVAILABILITY,domains.list,domains.list,2021-07-01 19:23:14.929471,3997c0decec1de528b902498
www.unoblotto.net,AVAILABILITY,domains.list,domains.list,2021-07-01 19:23:20.523846,3997c0decec1de528b902498
www.unfdjwel.com,AVAILABILITY,domains.list,domains.list,2021-07-01 19:23:20.858201,3997c0decec1de528b902498
www.unrestern.info,AVAILABILITY,domains.list,domains.list,2021-07-01 19:23:26.328488,3997c0decec1de528b902498
www.untidyquestion.com,AVAILABILITY,domains.list,domains.list,2021-07-01 19:23:27.141817,3997c0decec1de528b902498
www.untidyrice.com,AVAILABILITY,domains.list,domains.list,2021-07-01 19:23:33.174824,3997c0decec1de528b902498
www.unusualtitle.com,AVAILABILITY,domains.list,domains.list,2021-07-01 19:23:39.002099,3997c0decec1de528b902498
www.unusedquestion.com,AVAILABILITY,domains.list,domains.list,2021-07-01 19:23:41.026381,3997c0decec1de528b902498
www.unveterms.online,AVAILABILITY,domains.list,domains.list,2021-07-01 19:23:41.731794,3997c0decec1de528b902498
www.unwlrtefzfzj.bid,AVAILABILITY,domains.list,domains.list,2021-07-01 19:23:42.106173,3997c0decec1de528b902498
www.unxuwvntk.com,AVAILABILITY,domains.list,domains.list,2021-07-01 19:23:42.494861,3997c0decec1de528b902498
www.unwrittenspot.com,AVAILABILITY,domains.list,domains.list,2021-07-01 19:23:43.391871,3997c0decec1de528b902498
www.uoarbhxfyygn.com,AVAILABILITY,domains.list,domains.list,2021-07-01 19:23:43.785834,3997c0decec1de528b902498
www.uokehbea.bid,AVAILABILITY,domains.list,domains.list,2021-07-01 19:23:44.250845,3997c0decec1de528b902498
www.uoommnucvua.com,AVAILABILITY,domains.list,domains.list,2021-07-01 19:23:44.752978,3997c0decec1de528b902498
www.uonbbttwys.bid,AVAILABILITY,domains.list,domains.list,2021-07-01 19:23:50.412921,3997c0decec1de528b902498
www.uoottsfgy.com,AVAILABILITY,domains.list,domains.list,2021-07-01 19:23:50.751603,3997c0decec1de528b902498
www.uorhedemxtni.com,AVAILABILITY,domains.list,domains.list,2021-07-01 19:23:51.182460,3997c0decec1de528b902498
www.uopzeuilt.bid,AVAILABILITY,domains.list,domains.list,2021-07-01 19:23:51.505173,3997c0decec1de528b902498
www.uoqhigwxrzplg.bid,AVAILABILITY,domains.list,domains.list,2021-07-01 19:23:51.834324,3997c0decec1de528b902498
www.uoyznzsggodnl.com,AVAILABILITY,domains.list,domains.list,2021-07-01 19:23:52.246751,3997c0decec1de528b902498
www.uoypqskiemf.bid,AVAILABILITY,domains.list,domains.list,2021-07-01 19:23:52.547039,3997c0decec1de528b902498
www.uoxbotvrs.bid,AVAILABILITY,domains.list,domains.list,2021-07-01 19:23:52.788251,3997c0decec1de528b902498
www.upcokvzuupn.bid,AVAILABILITY,domains.list,domains.list,2021-07-01 19:23:53.104691,3997c0decec1de528b902498
www.upogbpseso.com,AVAILABILITY,domains.list,domains.list,2021-07-01 19:23:58.726941,3997c0decec1de528b902498
www.upgwdilkhlwguz.bid,AVAILABILITY,domains.list,domains.list,2021-07-01 19:24:04.273490,3997c0decec1de528b902498
www.upqhjossdznx.com,AVAILABILITY,domains.list,domains.list,2021-07-01 19:24:04.689200,3997c0decec1de528b902498
www.uprlyxksgcffgn.com,AVAILABILITY,domains.list,domains.list,2021-07-01 19:24:05.259614,3997c0decec1de528b902498
www.uqhqcoezkn.com,AVAILABILITY,domains.list,domains.list,2021-07-01 19:24:05.744700,3997c0decec1de528b902498
www.uqbxznftv.com,AVAILABILITY,domains.list,domains.list,2021-07-01 19:24:06.218916,3997c0decec1de528b902498
www.uqgloylf.com,AVAILABILITY,domains.list,domains.list,2021-07-01 19:24:11.891742,3997c0decec1de528b902498
www.uqhtuahgfmcx.com,AVAILABILITY,domains.list,domains.list,2021-07-01 19:24:17.561530,3997c0decec1de528b902498
www.uqie4nzy.com,AVAILABILITY,domains.list,domains.list,2021-07-01 19:24:18.081880,3997c0decec1de528b902498
www.uqpotqld.com,AVAILABILITY,domains.list,domains.list,2021-07-01 19:24:18.490387,3997c0decec1de528b902498
www.uqqgyniatjtf.com,AVAILABILITY,domains.list,domains.list,2021-07-01 19:24:18.976138,3997c0decec1de528b902498
www.uqsoxvwffpkrt.com,AVAILABILITY,domains.list,domains.list,2021-07-01 19:24:19.376953,3997c0decec1de528b902498
www.uqzhfziupi.bid,AVAILABILITY,domains.list,domains.list,2021-07-01 19:24:19.737515,3997c0decec1de528b902498
www.urijswfbgh.com,AVAILABILITY,domains.list,domains.list,2021-07-01 19:24:25.353935,3997c0decec1de528b902498
www.urikbkwiwy.bid,AVAILABILITY,domains.list,domains.list,2021-07-01 19:24:25.579080,3997c0decec1de528b902498
www.urjbglpktn.com,AVAILABILITY,domains.list,domains.list,2021-07-01 19:24:26.026949,3997c0decec1de528b902498
www.urpscavikbyv.com,AVAILABILITY,domains.list,domains.list,2021-07-01 19:24:26.472764,3997c0decec1de528b902498
www.urqxrzrphsga.com,AVAILABILITY,domains.list,domains.list,2021-07-01 19:24:26.974380,3997c0decec1de528b902498
www.urqctaruhm.bid,AVAILABILITY,domains.list,domains.list,2021-07-01 19:24:27.380831,3997c0decec1de528b902498
www.urptvbryjgs.bid,AVAILABILITY,domains.list,domains.list,2021-07-01 19:24:27.740160,3997c0decec1de528b902498
www.ursorsee.pro,AVAILABILITY,domains.list,domains.list,2021-07-01 19:24:33.262288,3997c0decec1de528b902498
www.urtcjxuoz.com,AVAILABILITY,domains.list,domains.list,2021-07-01 19:24:33.721270,3997c0decec1de528b902498
www.urtbxola.bid,AVAILABILITY,domains.list,domains.list,2021-07-01 19:24:33.960968,3997c0decec1de528b902498
www.urwvswik.bid,AVAILABILITY,domains.list,domains.list,2021-07-01 19:24:34.325360,3997c0decec1de528b902498
www.urxdodnj.com,AVAILABILITY,domains.list,domains.list,2021-07-01 19:24:34.812158,3997c0decec1de528b902498
www.usaowwbxa.com,AVAILABILITY,domains.list,domains.list,2021-07-01 19:24:40.448266,3997c0decec1de528b902498
www.uscvlpjeaggyq.com,AVAILABILITY,domains.list,domains.list,2021-07-01 19:24:40.856393,3997c0decec1de528b902498
www.usairguw.com,AVAILABILITY,domains.list,domains.list,2021-07-01 19:24:41.408565,3997c0decec1de528b902498
www.usfakdxuo.bid,AVAILABILITY,domains.list,domains.list,2021-07-01 19:24:52.167898,3997c0decec1de528b902498
www.usfmwydo.com,AVAILABILITY,domains.list,domains.list,2021-07-01 19:24:52.627570,3997c0decec1de528b902498
www.ushqvpdtwoecis.com,AVAILABILITY,domains.list,domains.list,2021-07-01 19:24:53.116317,3997c0decec1de528b902498
www.usedexample.com,AVAILABILITY,domains.list,domains.list,2021-07-01 19:24:58.997580,3997c0decec1de528b902498
www.uslbqxwum.bid,AVAILABILITY,domains.list,domains.list,2021-07-01 19:24:59.225390,3997c0decec1de528b902498
www.usmyfgrdv.bid,AVAILABILITY,domains.list,domains.list,2021-07-01 19:24:59.459711,3997c0decec1de528b902498
www.usnhsilyntf.bid,AVAILABILITY,domains.list,domains.list,2021-07-01 19:24:59.698283,3997c0decec1de528b902498
www.usoqghurirvz.com,AVAILABILITY,domains.list,domains.list,2021-07-01 19:25:00.034006,3997c0decec1de528b902498
www.usrvgxowmn.com,AVAILABILITY,domains.list,domains.list,2021-07-01 19:25:10.888580,3997c0decec1de528b902498
www.uspddemi.com,AVAILABILITY,domains.list,domains.list,2021-07-01 19:25:16.579378,3997c0decec1de528b902498
www.uspsqjivl.bid,AVAILABILITY,domains.list,domains.list,2021-07-01 19:25:16.915726,3997c0decec1de528b902498
www.ussscmqkjtfsx.com,AVAILABILITY,domains.list,domains.list,2021-07-01 19:25:17.433586,3997c0decec1de528b902498
www.usymycvrilyt.com,AVAILABILITY,domains.list,domains.list,2021-07-01 19:25:23.072123,3997c0decec1de528b902498
www.usuanyzr.bid,AVAILABILITY,domains.list,domains.list,2021-07-01 19:25:23.418860,3997c0decec1de528b902498
www.uszpxpcoflkl.com,AVAILABILITY,domains.list,domains.list,2021-07-01 19:25:23.957924,3997c0decec1de528b902498
www.utfffrxmzuvy.com,AVAILABILITY,domains.list,domains.list,2021-07-01 19:25:29.610528,3997c0decec1de528b902498
www.uthlosop.info,AVAILABILITY,domains.list,domains.list,2021-07-01 19:25:35.053667,3997c0decec1de528b902498
www.utjwhrahb.bid,AVAILABILITY,domains.list,domains.list,2021-07-01 19:25:35.356498,3997c0decec1de528b902498
www.utilistom.info,AVAILABILITY,domains.list,domains.list,2021-07-01 19:25:40.863484,3997c0decec1de528b902498
www.utjznnqgd.com,AVAILABILITY,domains.list,domains.list,2021-07-01 19:25:46.542094,3997c0decec1de528b902498
www.utlpwxdt.com,AVAILABILITY,domains.list,domains.list,2021-07-01 19:25:46.926004,3997c0decec1de528b902498
www.utnkeaqurjca.com,AVAILABILITY,domains.list,domains.list,2021-07-01 19:25:47.310407,3997c0decec1de528b902498
www.utubedelivery.com,AVAILABILITY,domains.list,domains.list,2021-07-01 19:25:47.703816,3997c0decec1de528b902498
www.utwhgyjgjw.bid,AVAILABILITY,domains.list,domains.list,2021-07-01 19:25:47.982404,3997c0decec1de528b902498
www.uttermosthobbies.com,AVAILABILITY,domains.list,domains.list,2021-07-01 19:25:48.769840,3997c0decec1de528b902498
www.utyhzjbwfyrz.bid,AVAILABILITY,domains.list,domains.list,2021-07-01 19:25:49.049157,3997c0decec1de528b902498
www.utyynepwwnl.com,AVAILABILITY,domains.list,domains.list,2021-07-01 19:25:49.442904,3997c0decec1de528b902498
www.utyrqbgrmoxs.com,AVAILABILITY,domains.list,domains.list,2021-07-01 19:25:49.836798,3997c0decec1de528b902498
www.utzpjbrtyjuj.com,AVAILABILITY,domains.list,domains.list,2021-07-01 19:25:50.322336,3997c0decec1de528b902498
www.uudehlgu.com,AVAILABILITY,domains.list,domains.list,2021-07-01 19:25:50.856833,3997c0decec1de528b902498
www.uuiqhzpvfql.com,AVAILABILITY,domains.list,domains.list,2021-07-01 19:25:51.418143,3997c0decec1de528b902498
www.uuacjdostjloa.bid,AVAILABILITY,domains.list,domains.list,2021-07-01 19:25:51.681101,3997c0decec1de528b902498
www.uujzywpxxrroh.com,AVAILABILITY,domains.list,domains.list,2021-07-01 19:25:52.188607,3997c0decec1de528b902498
www.uukqjcucva.com,AVAILABILITY,domains.list,domains.list,2021-07-01 19:25:52.649103,3997c0decec1de528b902498
www.uunriutbi.com,AVAILABILITY,domains.list,domains.list,2021-07-01 19:25:53.058577,3997c0decec1de528b902498
www.uuproxhcbcsl.com,AVAILABILITY,domains.list,domains.list,2021-07-01 19:25:58.713252,3997c0decec1de528b902498
www.uutfeuxmqdvdp.com,AVAILABILITY,domains.list,domains.list,2021-07-01 19:25:59.113975,3997c0decec1de528b902498
www.uupjizxqf.bid,AVAILABILITY,domains.list,domains.list,2021-07-01 19:25:59.372541,3997c0decec1de528b902498
www.uuvqkppicm.com,AVAILABILITY,domains.list,domains.list,2021-07-01 19:26:05.006526,3997c0decec1de528b902498
www.uuvwcjtppeonfq.com,AVAILABILITY,domains.list,domains.list,2021-07-01 19:26:05.496905,3997c0decec1de528b902498
www.uvakjjlbjrmx.com,AVAILABILITY,domains.list,domains.list,2021-07-01 19:26:11.150657,3997c0decec1de528b902498
www.uvcvhcbvy.bid,AVAILABILITY,domains.list,domains.list,2021-07-01 19:26:11.489280,3997c0decec1de528b902498
www.uuwoktwdmo.bid,AVAILABILITY,domains.list,domains.list,2021-07-01 19:26:11.813598,3997c0decec1de528b902498
www.uvffdmlqwmha.com,AVAILABILITY,domains.list,domains.list,2021-07-01 19:26:17.533724,3997c0decec1de528b902498
www.uvjvnbitjmvzgk.com,AVAILABILITY,domains.list,domains.list,2021-07-01 19:26:23.175630,3997c0decec1de528b902498
www.uvmsfffedzzw.com,AVAILABILITY,domains.list,domains.list,2021-07-01 19:26:23.618886,3997c0decec1de528b902498
www.uvmfrryhmaww.com,AVAILABILITY,domains.list,domains.list,2021-07-01 19:26:24.017552,3997c0decec1de528b902498
www.uvstluoomeys.bid,AVAILABILITY,domains.list,domains.list,2021-07-01 19:26:24.292641,3997c0decec1de528b902498
www.uvxaafcozjgh.com,AVAILABILITY,domains.list,domains.list,2021-07-01 19:26:24.671698,3997c0decec1de528b902498
www.uvsxjyokgfz.com,AVAILABILITY,domains.list,domains.list,2021-07-01 19:26:25.111158,3997c0decec1de528b902498
www.uwfvuohbac.com,AVAILABILITY,domains.list,domains.list,2021-07-01 19:26:25.550315,3997c0decec1de528b902498
www.uvyascqbm.bid,AVAILABILITY,domains.list,domains.list,2021-07-01 19:26:31.032854,3997c0decec1de528b902498
www.uwdawnsge.bid,AVAILABILITY,domains.list,domains.list,2021-07-01 19:26:31.334872,3997c0decec1de528b902498
www.uwjczdkytwyhzh.com,AVAILABILITY,domains.list,domains.list,2021-07-01 19:26:36.990306,3997c0decec1de528b902498
www.uwnklfxurped.com,AVAILABILITY,domains.list,domains.list,2021-07-01 19:26:42.558713,3997c0decec1de528b902498
www.uwpmwpjlxblb.com,AVAILABILITY,domains.list,domains.list,2021-07-01 19:26:42.935961,3997c0decec1de528b902498
www.uwqrwgxxkaoydo.com,AVAILABILITY,domains.list,domains.list,2021-07-01 19:26:43.295644,3997c0decec1de528b902498
www.uwrzafoopcyr.com,AVAILABILITY,domains.list,domains.list,2021-07-01 19:26:43.764177,3997c0decec1de528b902498
www.uwrpquqrmi.bid,AVAILABILITY,domains.list,domains.list,2021-07-01 19:26:44.083685,3997c0decec1de528b902498
www.uxibiysrllgnn.com,AVAILABILITY,domains.list,domains.list,2021-07-01 19:26:44.558526,3997c0decec1de528b902498
www.uwwqyltgag.bid,AVAILABILITY,domains.list,domains.list,2021-07-01 19:26:44.891299,3997c0decec1de528b902498
www.uxferkyskxont.bid,AVAILABILITY,domains.list,domains.list,2021-07-01 19:26:45.230863,3997c0decec1de528b902498
www.uxlkeovekhbs.com,AVAILABILITY,domains.list,domains.list,2021-07-01 19:26:45.592967,3997c0decec1de528b902498
www.uxjekaexjsxe.bid,AVAILABILITY,domains.list,domains.list,2021-07-01 19:26:45.889134,3997c0decec1de528b902498
www.uxmskpwnsmzlro.bid,AVAILABILITY,domains.list,domains.list,2021-07-01 19:26:51.424844,3997c0decec1de528b902498
